Status,Company's Name,Form,Shifts,Interview time,Location ,Graduation Status,Nationality ,Max Age,Language,Salary,Process,Account ,Key Features,Offer details ,Commission Rec,Commission TL,Commission UM,Period
TRAINING ,Career Sprint Academy,https://forms.gle/VHMF1u9PnUX9MXjY6,From Home,Online Assesment,From Home,"Grads / Undergrads / Gap Year / Drop out	",Egyptians / Foreigners,--,A1 - C2,,"1- Online Assesment
2- Online Course",TRAINING COURSE,"1. Commission 50 - 200 EGP ( depends on course )
2. Another Commission after getting Hired",,,,,Once Paid
TRAINING ,Plan B Academy,https://forms.gle/oqeTyT64afVef4hN7,Online (Live) & Self-Paced,Free Online Assessment,"From Anywhere

Online & Onsite ( Maadi )

https://plan-b-eg.com/",Students • Graduates • Gap Year • Career Shifters,Egyptians / Foreigners,--,A1 - C2,,"1. Register → 2. Assessment → 3. Course → 4. Certificate
English • Cold Calling • Spanish • Data Analytics • Marketing • Programming • Video Editing • Video Filming • More",TRAINING COURSE,"1. 5% of Course price
2. Another Commission after getting Hired
3. Recorded Courses ( with a tutor )
",,,,,Once Paid
High Priority ,Leadbull,https://forms.gle/v3hZ3q1DcyygcHaL7,"Fixed
4:00Pm to 1:00Am","* Thursday & Friday
* 5 00 PM – 11:00 PM","Maadi

https://maps.app.goo.gl/YUDE1JkncuvdHarf9",Grads /Undergrads (no commitment) / Dropouts,Egyptians,35,English B2/C1,15K Net + 5K KPIs,"1-Screening ( Talent Acq -> Pass/Failed Screening )

2-ON-SITE interview ( Panel -> Acp/ Rej Site)",Canadian Telesales Account ,"1. Mid Period Commission
2. EXP Optional
3. MIGHT WFH in 3 months
4. Unlimitted Commission
5. Female and male","Company Name: Leadbull

🚀 GTX .. We’re Hiring!
🇨🇦 “Canadian Tele sales Account”

So easy to target it.

Offer:
💰 EGP 15K EGP Basic Salary
🎯 EGP 5K KPIs
💸 Daily spiffs
💸 Quarterly incentives
💸Annual profit share 

Job Details:
🕓 Shift: 4 PM – 1 AM 

Who We’re Looking For:
🗣️ B2+ English Level or above

📍 Company Location: Zahraa El Maadi
(Work from site)
Door to Door Trasportation for Females after Test Call

🌟 Availability to work from home after 3 months 🏠

Egyptians ONLY
",1200,500,300,3 Weeks
High Priority ,GeekyCX DR,https://forms.gle/rnjpGSoyH4dKKgZx8,"Fixed Shifts 
7:00 PM To 4:00 AM ","( Tuesday, Wednesday, Friday) only
7PM till 10PM","Building 6, 3rd floor, Apartment 1 (To the right side of the stairs)
https://maps.app.goo.gl/LdUihZpwAyEGbzg98?g_st=ic

El Sheikh Zayed, Beverly Hills, Gate 9, The Walk Mall, Bulding 7, 2nd Floor, Above Papa Jones Pizza
https://maps.app.goo.gl/uV9rUD7KhZ1Y3rii6?g_st=ic
",Grads / Dropouts / Gap-year,Egyptians only ,34,English C1,20K NET + Commissions,"1-Clinet Validation ( Panel -> Acp/ Rej Client Validation)

2-ON-SITE interview ( Acp/ Rej )

3-Online Interview ( Acp/ Rej )",Debt Relief ,"1. Mid Period Commission
2. EXP MUST ( Debt RELIEF )
3. English .. Customer Service
4. Location","Company Name: Geeky CX

🔥 GTX is Hiring! 🔥

Position: Debt Reduction - Sales
Location: On-site, Sheikh Zayed
Shift: Night Shift | Start Immediately

💰 Compensation:
20K NET
Commission: $25 up to $50 per deal (according to number of deals)
Bonus: $500 for achieving 21+ deals in one month

About the Role:
Handle debt reduction sales operations in partnership
with Level Debt (US).

Required Qualifications:
Fresh graduates only
English: B2+ / C1
Strong communication & sales skills
Ability to handle targets & work under pressure
Experience in debt relief is a must

Apply now through GTX
and join a high-performance team.""                
                
                
                
                
                
                
                
                
                
                
                
                
                
                
                
                
                
                
                
                
                
                
                
                ",1500,500,200,3 Weeks
High Priority,GeekyCX Span CS,https://forms.gle/rnjpGSoyH4dKKgZx8,"Fixed Shifts 
7:00 PM To 4:00 AM ","( Tuesday, Wednesday, Friday) only
7PM till 10PM","Building 6, 3rd floor, Apartment 1 (To the right side of the stairs)
https://maps.app.goo.gl/LdUihZpwAyEGbzg98?g_st=ic

El Sheikh Zayed, Beverly Hills, Gate 9, The Walk Mall, Bulding 7, 2nd Floor, Above Papa Jones Pizza
https://maps.app.goo.gl/uV9rUD7KhZ1Y3rii6?g_st=ic
",Grads / Dropouts / Gap-year,Egyptians only ,34,"Spanish C1, English B2+/C1",35K Net ,"1-Clinet Validation ( Panel -> Acp/ Rej Client Validation)

2-ON-SITE interview ( Acp/ Rej )

3-Online Interview ( Acp/ Rej )",Customer Service (Spanish),"1. Mid Period Commission
2. EXP MUST
3. Spanish .. Customer Service
4. Location","Company Name: Geekycx

📢 GTX – We’re Hiring!

Customer Service Representative – Bilingual Track (English & Spanish)

🎯 Requirements:
• C1 English proficiency
• C1 Spanish proficiency
• Clear & professional phone communication
• Strong listening skills
• Basic computer & CRM skills
• Customer service experience is a MUST
• Fresh graduates are welcome

💼 Responsibilities (Brief):
• Handle inbound & outbound calls with US clients
• Provide updates on debt relief accounts
• Address client concerns & escalate complex issues
• Maintain accurate CRM records
• Meet daily call & quality targets

Working Hours:
Night Shift (7 PM – 4 AM)

💰 Salary Package:
• Gross Salary: 35,000 EGP
• Paid Training
• Performance Bonuses

📍Location: On-site – Sheikh Zayed, Cairo",1500,500,200,3 Weeks
High Priority,GeekyCX Eng CS,https://forms.gle/rnjpGSoyH4dKKgZx8,"Fixed Shifts 
7:00 PM To 4:00 AM ","( Tuesday, Wednesday, Friday) only
7PM till 10PM","Building 6, 3rd floor, Apartment 1 (To the right side of the stairs)
https://maps.app.goo.gl/LdUihZpwAyEGbzg98?g_st=ic

El Sheikh Zayed, Beverly Hills, Gate 9, The Walk Mall, Bulding 7, 2nd Floor, Above Papa Jones Pizza
https://maps.app.goo.gl/uV9rUD7KhZ1Y3rii6?g_st=ic
",Grads / Dropouts / Gap-year,Egyptians only ,34,English B2+,25K Net ,"1-Clinet Validation ( Panel -> Acp/ Rej Client Validation)

2-ON-SITE interview ( Acp/ Rej )

3-Online Interview ( Acp/ Rej )",Customer Service (English),"1. Mid Period Commission
2. EXP MUST
3. English .. Customer Service
4. Location","Company Name: Geeky CX

📢 GTX – We’re Hiring!

Customer Service Representative – English Track

🎯 Requirements:
• C1 / B2+ English proficiency
• Clear & professional phone communication
• Strong listening skills
• Basic computer & CRM skills
• Customer service experience is a MUST
• Fresh graduates are welcome 

💼 Responsibilities (Brief):
• Handle inbound & outbound calls with US clients
• Provide updates on debt relief accounts
• Address client concerns & escalate complex issues
• Maintain accurate CRM records
• Meet daily call & quality targets

Working Hours: 
Night Shift (7 PM – 4 AM)

💰 Salary Package:
• Net Salary: 18,000 EGP
$100 KPIs + 2K Transportation
• Paid Training
• Performance Bonuses

📍Location: On-site – Sheikh Zayed, Cairo",1500,500,200,3 Weeks
High Priority,GeekyCX Sales,https://forms.gle/rnjpGSoyH4dKKgZx8,"Fixed Shifts 
7:00 PM To 4:00 AM ","( Tuesday, Wednesday, Friday) only
7PM till 10PM","Building 6, 3rd floor, Apartment 1 (To the right side of the stairs)
https://maps.app.goo.gl/LdUihZpwAyEGbzg98?g_st=ic

El Sheikh Zayed, Beverly Hills, Gate 9, The Walk Mall, Bulding 7, 2nd Floor, Above Papa Jones Pizza
https://maps.app.goo.gl/uV9rUD7KhZ1Y3rii6?g_st=ic
",Grads / Dropouts / Gap-year,Egyptians only ,34,English B2+,20K NET + Commissions,"1-Clinet Validation ( Panel -> Acp/ Rej Client Validation)

2-ON-SITE interview ( Acp/ Rej )

3-Online Interview ( Acp/ Rej )",Debt Reduction ,"1. Mid Period Commission
2. EXP MUST ( Sales )
3. English .. Customer Service
4. Location","Company Name: Geeky CX

🔥 GTX is Hiring! 🔥

🎯 Requirements:
• English level B2+
• Sales Experience 

🕒 Working Hours: 
7 PM – 4 AM 

📅 Days Off: 
Saturday & Sunday

💰 Compensation Package:
• Net Salary: 15,000 EGP
• Uncapped Bonuses (Potential up to $2,000 USD/month)
• Transportation Allowance: Up to 2,000 EGP/month

📍 Location: On-site – Sheikh Zayed

🚀 Build your career in a fast-growing outsourcing environment.""                
                
                
                
                
                
                
                
                
                
                
                
                
                
                
                
                
                
                
                
                
                
                
                
                
                
                
                
                
                
                
                ",1500,500,200,3 Weeks
High Priority,TTC (US),https://forms.gle/kjr2DLY25L3VeALf6,"Fixed
3:00Pm till 11:00Pm","Mon-Fri
3 Pm till 5 Pm","34 Makram Ebeid, Al Manteqah as Sadesah, Nasr City, Cairo Governorate, 6th floor, On left
(Vivian store underneath)
https://maps.app.goo.gl/eHQjGu27E1i1LbwB8","Grads / Undergrads / Gap Year / Drop out	",Egyptians only ,18 to 28,English B2+/C1,13K Salary + Unlimited Commission ,"1-Screening ( Talent Acq -> Pass/Failed Screening )

2-ON-SITE interview ( Panel -> Acp/ Rej Site)",Telesales,"1. NO EXP
2. Transportation
3. Paid Training
4. 70 Candidates ( start 9th June )","Company Name: TTC

🎯 GTX Hiring – Telesales Agents for a US Account! 🇺🇸

✅ English B2+
✅ No experience
✅ Egyptians only (18–28 years old)
✅ Graduates, undergrads, gap years & dropouts – all welcome! 🙌

💰 What You’ll Get:
✨ 13,000 EGP Salary
✨ + Commissions starting from 2,000 EGP 💵
✨ Paid Training 🧠
✨ Transportation 🚐
 👩‍🦰 Females: Door-to-door service 🏠
 👨 Males: Nearest drop-off points 📍

🕒 Working Hours & Location:
🕓 Fixed shift: 3 PM – 11 PM (1-hour break included)
📅 Saturday & Sunday off – fixed weekends! 🎉",2000,500,300,35-40 Days
High Priority,Evolve,https://forms.gle/BPsY5WYccBjaPh4D6,"Fixed Shifts
4:00 PM To 12:00 PM","Monday To Friday
6PM To 9PM 20 minutes ( 9 meeting )

Monday to Thursday
( will be updated )","Masr El gedida - Heliopolis

https://maps.app.goo.gl/a8wBAFQxLbHJnmUm7?g_st=ic",undergrads /grads\ gap year \ dropouts,Egyptians Only,30,English B2/C1,20K Package,"1- Client Phone Interview ( Panel -> Pass/Failed Client Phone interview)

2- Site Interview ( Acp/ Rej )",Telemarketing,"1. Fast Commission
2. NO EXP
3. Transporation Provided
4. Batch starts every Monday","Company Name: Evolve

🚨 GTX .. WE’RE HIRING 🚨
Evolve Marketing LLC– Telemarketer Agent

Location: Heliopolis
Shift: 4:00 PM – 12:00 AM (Monday – Friday)
Transportation: Night drop-off points for females
 (after training week)

Requirements:

English level B2–C1 (must)

Cairo and Giza residents only

Clear military status
 (postponed / exempted / completed)

Available to start beginning of next month

No prior commitments with other employers


Offer & Benefits:

Total Package: Up to 20,000 EGP
Basic salary: 8.5k
KPIs: 1.5k + commission:2.2k

Medical & Social Insurance provided

Paid Training & Evaluation",1000,400,300,2 Weeks
Mid Priority ,CXperts,https://forms.gle/yaGuAhn87GNQNzSA8,Rotational Shifts ,"Mon-Fri
1PM till 7PM","Tahrir, Mall El Bostan, 9th floor, Downtown Cairo

https://maps.app.goo.gl/EMd68voFzbBEHvuJ9","Grads / Undergrads / Gap Year / Drop out	",Egyptians ONLY,30,English C1,20k Gross,"1-Clinet Validation ( Panel -> Acp/ Rej Client Validation)

2-Online Interview ( Acp/ Rej )

3- Phone Intervew ( Acp/ Rej )",Telesales,"1. Fast Comission
2.Hire Immediately ( 3 Candidates )
3. High Commission
4. Exp is Prefered","Company Name: Cxperts

📢 GTX – We’re Hiring!

Requirements:
C1 English level
1-2 years of outbound sales/ lead generation experience ( medical, healthcare, or staffing industry preferred)

Salary:
Basic 15k
KPI'S 5
Transportation allowance 
Commision (50-100 USD) per hired doctor 

Account nature:
Staffing agents contact physicans in America and offer them temporary positions in clinics. 

Shifts: Rotational and overnight between 4 PM to 4 AM

Location: Elboustan mall 9th floor Tahrir-down town",1500,500,200,2 Weeks
Mid Priority,TP,https://forms.gle/E41S54ezmQdEck8i8,Rotational,"Sunday to Thursday
10am to 4pm

Teleperformance Egypt - Cairo - Plaza","5th Settelment
https://share.google/CKOy7QOfYJJFZP1ab",Grads,Egyptians,45,B2,Up to 18K,"1- Online Interview ( Panel -> Acp/ Rej Client Phone )
2- Site Interview (  Acp/ Rej )",Customer Service,"1. Customer Service 
2. NO EXP 
3.Transportation Provided
4. 10-15 Candidates","Company Name: Teleperformance
Call Center Vacancy – Teleperformance is Hiring!
---
📍 Job Requirements
Graduates only

English Level: start from B2+

Maximum Age: 45

Rotational Shifts

9-hour shift including 1-hour break
---
📍 Benefits
Salary up to 18,000 EGP (depends on the account)
80% Basic salary - 20% KPIs
Transportation provided across Cairo & Giza
(Door-to-Door for females after 10 PM)

Full medical & social insurance

Paid training

Career development opportunities in a global BPO leader

Gym access

No experience required
---
📍 Location
New Cairo",1000,300,200,1 Month
Low Priority,O4U ( Maadi ),https://forms.gle/XZN18nmnc9ezouYZ6,"Monday-Friday
12:15PM till 8:30PM","Site Interview 
Monday to Thursday
1pm - 5pm","Maadi

https://share.google/wfvnmEjXVOZYxoSbS","Grads / Undergrads / Gap Year / Drop out	",Egyptians / Foreigners,30,English B2+,16K Gross,"1- Validation with client ( Panel -> Acp/ Rej Client Phone )
2-Site Interview ( Acp/ Rej Site )",Telesales,"1. Fast Commission
2. EXP Optional","Company Name: O4U

📢 GTX – We’re hiring Telesales Agents (Maadi).

If you can sell, this is where you get paid properly.

💰 Package up to 16,000 EGP

Monday-Friday
12:15PM till 8:30PM
                

Role:
• Call UK-based clients
• Close deals over the phone
• Hit targets & earn commission

Requirements:
• B2/C1 English
• Sales experience is a plus
• Confident, persuasive & money-driven
• Able to handle pressure

📍 Full-time – Maadi",700,300,100,2 Weeks
Low Priority,O4U ( Heliopolis ),https://forms.gle/XZN18nmnc9ezouYZ6,"Monday-Friday
12:15PM till 8:30PM","Site Interview 
Monday to Thursday
1pm - 5pm","Heliopolis

https://share.google/wfvnmEjXVOZYxoSbS

Interviews at Maadi

https://share.google/wfvnmEjXVOZYxoSbS",Grads / Gap Year / Drop out        ,Egyptians / Foreigners,30,English B2+,16K Gross,"1- Validation with client ( Panel -> Acp/ Rej Client Phone )
2-Site Interview ( Acp/ Rej Site )",Telesales,"1. Fast Commission
2. EXP MUST","Company Name: O4U

📢 GTX – We’re hiring Telesales Agents (Maadi).

🔥 *Experienced Sales Professionals Wanted – New Heliopolis Branch!* 🔥

*Think you've got what it takes to thrive on a high-performance sales floor?*

We're launching our brand-new branch in *Heliopolis (Masr El Gedida)* and we're looking for the *first 15 experienced Sales Advisors* to join our founding team.

This role is *not* for customer service. We're looking for people who genuinely enjoy sales, understand the pressure of working towards targets, and are motivated by commission, competition, and performance.

### We're looking for candidates who:

✅ Have *proven cold calling/telesales experience*
✅ Thrive in a *fast-paced, target-driven sales environment*
✅ Have a strong sales mentality and enjoy closing deals
✅ Speak *C1 English* with confidence
✅ Are *graduates or dropouts  or gap year only (no students)*
✅ Want to build a long-term career in sales, not just find another job
✅ No undergrades - foreigners can apply
✅ 6 months experience in cold calling

### What we offer:

💰 *Basic salary starting from 16,000 EGP* (negotiable depending on experience)
💸 *Highly attractive uncapped commission structure* with excellent earning potential
🚀 The opportunity to join the *founding team* of a brand-new branch
📈 *Fast-track career progression* as the office grows—we're looking to promote from within, giving our first hires the opportunity to progress into Team Leader, Supervisor, and Management roles as we expand
🏆 The chance to help shape the culture, standards, and success of a brand-new sales office from day one

If you're the type of salesperson who thrives on competition, enjoys the energy of a busy sales floor, and wants to be recognised and rewarded for delivering results, this is the opportunity for you.

We're not just hiring employees—we're building the next generation of leaders for our new branch. If you're ambitious, committed, and looking for a company where your performance can genuinely accelerate your career, we'd love to hear from you.

📍 *Location:* Heliopolis (Masr El Gedida)
👥 *Hiring:* First 15 Sales Advisors

*Serious sales professionals only. If you're ready to join a high-performance sales environment with real earning potential and genuine career progression, apply now.*",700,300,100,2 Weeks
Low Priority,BIS,https://forms.gle/C3vbrYeniC4rs5wB7,"Fixed
3:00Pm till 11:00Pm","Monday till Friday
4:30PM till 8:30PM","Nasr city 
https://maps.app.goo.gl/ALWQ2g4AkeZZEypi6?g_st=com.google.maps.preview.copy","Grads / Undergrads / Gap Year / Drop out	",Egyptians & Arabs only ( no africans ),20 to 27,English B2+,12k Net + Commissions up to 20k,1- Site Interview ( Panel -> Acp/ Rej ),Telesales,"1. ONLY 5-10 Forms will be accepted
2.EXP PLUS
3. High Commission","Company Name: BIS

💼 MLA Telesales Representative | US Campaign 🇺🇸

We are currently hiring MLA Telesales Representatives for our US Campaign.

Requirements:

✅ C1 English level (Required)
✅ Arabic speaker (Required)
✅ Previous telesales experience is a plus
✅ Minimum age: 20 years

Work Schedule:

📆 Monday to Friday
🕒 3:00 PM – 11:00 PM (Fixed Shift)
📅 Weekends Off (Saturday & Sunday)

Compensation & Benefits:

💰 Basic Salary: 12,000 EGP
(based on English level and interview performance) 
💸 Attractive Commissions
🎓 Paid probation and a bonus after passing
📍 Location: Makram Ebeid, Nasr City
🚫 No Transportation Provided
🚫 No Work From Home
🚫 No Part-Time Opportunities",1000,500,300,3 Weeks
Low Priority,LTS,https://forms.gle/pVQbawpLpwPsnhzZ6,"3:00 PM – 12:00 AM / 3:30 PM – 12:30 AM
4:00 PM – 1:00 AM / 4:30 PM – 1:30 AM
5:00 PM – 2:00 AM","Mon-Fri
4 Pm till 8 Pm","Sheraton, Heliopolis – 1258 Autostrad Rd

https://maps.app.goo.gl/dvtvWhWwcABJwhWb9?g_st=ic","Grads / Undergrads / Gap Year / Drop out	",Egyptians Only,18 to 35,English B2/C1,12K Net +2K KPIs ,"1-Client Phone Interview ( Talent Acq -> Pass/Failed Client Phone interview )

2-ON-SITE interview ( Panel -> Acp/ Rej )",Survey Account ,"1.Multiple Shifts
2. Survey Account ( Not Sales )
3. Tiered Commission
4. OUR TARGET IS MINIMUM 5 ACPT per month ( we will communicate with the old candidates )","Company Name: LTS

🎯 Job Offer – Outbound Call Agent (USA Campaign) 🇺🇸

🕒 Fixed Shifts (Monday–Friday):
• 3:00 PM – 12:00 AM
• 3:30 PM – 12:30 AM
• 4:00 PM – 1:00 AM
• 4:30 PM – 1:30 AM
• 5:00 PM – 2:00 AM

📅 2 paid Saturdays/month

💼 Main Duties:
• Call recent hotel guests & conduct a quick 1–2 min survey ☎️
• Transfer the call to our USA call center 🌍
• Reach 11 transfers/day (250/month)
• Follow company policies & report any major client issue to your supervisor

✅ Requirements:
• Fluent English 💬
• Egyptians only 🇪🇬
• Excellent communication & listening skills
• Professional phone etiquette
• Computer literate
• Age: 18–35
• High school diploma or higher (experience is a plus)

💰 Salary & Commission:
• Base: 12,000 EGP + 2,000 KPIs
• Medical insurance after 3 months 🏥

📍 Location: Sheraton, Heliopolis – 1258 Autostrad Rd

📑 Required Documents:
بطاقة – شهادة ميلاد أصل – 4 صور شخصية – كعب عمل – برنت تأميني – فيش – شهادة مؤهل – شهادة الجيش – قيد جامعي

✨ If you’re looking for a stable job with great income & growth, this opportunity is for you! 🚀",1200,400,300,1 Month
Low Priority,Central Tact (Solar PT),https://forms.gle/6f3Pi9JRgzStPURn9,"Fixed
9 PM till 2 AM","Virtual
3 PM till 5 PM","12 Haron st, dokki, mesaha
https://maps.app.goo.gl/4TNrKjgExvS8fGsJ7",Grads  / Gap Year / Drop out        ,Egyptians/Foreigners,30,English B2+/C1,8K + 2K KPIs,"1-Screening (Talent Acq -> Pass/Failed Screening)
2- Online Interview (Panel -> Acp/ Rej )
3- Video to client (Acp/ Rej)",B2B,"1.EXP MUST ( 6 months telemarketing or sales )
2. High Commission
3. Part-Time","Company Name: Central Tact

Position: Telemarketing Specialist 
Solar industry 

Working hours: Shift: 9:00 PM to 2:00 AM (Fixed) 
Working days: ( from Monday to Friday)
 
Salary: 
~8k basic + commissions (the scheme is shared after passing the interview)
~2k transportation allowance aw transportation door to door to ladies

Other benefits:
Transportation for the ladies door to door or transportation allowance 

Requirements:
* B2+ english level at least
* Previous telesales experience is required 
* Gap year, graduates or dropouts (students with no commitment can apply)",1200,400,300,3 Weeks
Temp Hold,Vitrin Clinic,https://forms.gle/C71vRNmGxvrsB8TY9,"Over night 
Fixed Shift
10PM till 7AM","Sunday to Wednesday
3 PM - 8 PM","95 Omar Ibn El-Khattab Street, Al-Sabaa Amarat, Almaza, Heliopolis, Cairo, Egypt
1st Floor – Office on the left of the stairs
Above Awlad Alloush Supermarket

https://maps.app.goo.gl/PnDsq2EtbWertddc7",Grads / Undergrad / Dropouts / Gap-year,Egyptians / Foreigners ( CV MUST ),19-Any,B2+ Fluent ,"17.5K + Commission [Probabtion]
20k + Commission [After Probabtion]",1- Virtual interview with client from 1 PM to 5 PM.                                                                             2-ON-SITE interview ( Panel -> Acp/ Rej Site),Dental Services,"1. Sales EXP is a MUST
2. High Salary
3. English B2+","Company Name: Vitrin Clinic

📢 GTX – We’re Hiring!

🦷 Dental Sevices - Telesales Account

Working Hours:
Working hours: from 10 pm to 7 am including 1 hour break 
Working days: from Sunday to Thursday + first Saturday of every month 

Salary:
Salary : 17.5 k + commissions for juniors 
Salary Raise:
After 3 months the probation period for qualified candidates the 
Net salary will be 20 k Net + 5000 kpis + commission 

😷 Requirments:
 Communication and Negotiation Skills 
 English Fluency
Sales Experience MUST

CV is needed for Foreigners

👨🏻‍⚕Conditions:
Note: there's a 15 days training and every candidate should pass the evaluation to join our team work 

The training is paid only when he or she passes the evaluation

Location:
Cairo, Heliopolis",1200 (Starting 30 July ) ,500,300,1 Month
Hold,Central Tact (Solar),https://forms.gle/6f3Pi9JRgzStPURn9,"Fixed
4 PM till 9 PM","Virtual
3 PM till 5 PM","12 Haron st, dokki, mesaha
https://maps.app.goo.gl/4TNrKjgExvS8fGsJ7",Grads  / Gap Year / Drop out        ,Egyptians/Foreigners,30,English B2+/C1,16K + 2K KPIs,"1-Screening (Talent Acq -> Pass/Failed Screening)
2- Online Interview (Panel -> Acp/ Rej )
3- Video to client (Acp/ Rej)",B2B,"1.EXP MUST ( 6 months telemarketing or sales )
2. High Commission
3. Part-Time","Company Name: Central Tact

Position: solar appointment setter

Working hours: Shift: 4:00 PM to 9:00 PM (Fixed) 
Working days: ( from Monday to Friday)
 
Salary: 
8000 basic + commissions
250EGP for appointment 
1,000EGP per closed sale

Requirements:
- B2+ english level at least
- Previous telesales experience is required 
- Gap year, graduates or dropouts
(students with no commitment can apply)",1200,400,300,3 Weeks
Hold,NEUROLINK,https://forms.gle/pNiTb9pjwQPmWTrA9,"Fixed
3:00PM to 12:00AM","Monday to Friday 
4:00 PM to 7:00 PM","Maadi

https://maps.app.goo.gl/4vQQcQ2Qco8qwPrH8",Grads /Undergrads (no commitment) / Dropouts / Gap Year,Egyptians / Foreigners,30,English B2/B2+,14K Net + Commissions,1- SITE interview ( Panel -> Acp/ Rej Site),US Account,"1. Paid Trainig
2. NO EXP
3. Unlimited Commissions","Company Name: NEUROLINK

🚀 GTX .. We’re Hiring!
""NEUROLINK is hiring
 USA Telesales Account with Flexibility and
 Big Rewards!
🤙 Calling all undergraduates, graduates, 
and foreigners (male and female)! 

➡ Zero-experienced candidates
 are welcome to apply . 
➡ paid training 200 per day 
➡ fixed US shifts (3 PM–12 AM)
➡ Weekends Off (Saturday and Sunday)

📍Location: maadi ,Egypt

➡ Salary from 10,000 to 14,000 
➡ Unlimited Monthly Commission 🤑💸
➡Spiffs and Daily Recognition
➡Monthly Bonuses""                
                
                
                
                
                
                
                
                
                
                
                
                
                
                
                
                
                
                
                
                
                
                
                
                ",1500,500,300,6 Weeks
Temp Hold,Cataleads,https://forms.gle/WPeugh5ohdcAz7pv7,"Fixed
5 PM till 2 AM",Client Schedule,Shared by Client for Accepted Candidates,"Grads / Undergrads / Gap Year / Drop out	",Egyptians & Foreigners ( no Accent ),30,English C1,$3.5 - 5 / hour + uncapped Commissions ,"1- Client Validation ( Panel -> Acp/ Rej )
2- Online Interview ( Acp/ Rej Client Phone )
3- Site Interview (  Acp/ Rej )",Appointment Setter,"1. Transporation Allowance
2.EXP MUST ( 6 months Coldcalling )
3. High Commission
4. Candidates book the online interview through the link shared from the Recruiter.","Company Name: Cataleads

📢  Real Estate Appointment setting- CataLeads Systems
*Position:* Inside Sales Agent (ISA)- Appointment setter
*Work Model:* On-site – Nasr City, Cairo
– Fixed weekend off (Saturday & Sunday)
-Working hours are between 5pm and 2am fixed- Including one hour break.

*🔹Requirements:*
– Fluent English (C1/ C2 English level – spoken & written)
– Previous *direct telesales experience* is a must (cold calling only, 6 ~12 months minimum)
– Real estate background is a plus
– Foreigners are welcome to apply
-Graduates, drop outs, students, and gap years
-Max Age is 30 Years Old. 
*💰Offer & Benefits :*
*Average potential earning anywhere from 40K EGP to 60K EGP* 

– $3.5/hr ~$5/hr based on performance via *Payoneer* (USD)
–un capped bonus, the more appointments you book the more money you make.
-Any Appointment between 30~39 appointments, you get $5 each.
If you got 40+ appointments, you'd get paid $8 per appointment.
Ex: 45 appointments bonus= (45-30) """"$8= 15 *$8=$120

Top achievers' Potential earning is $1000~$1200+

– *Fully paid training* (3–4 business days)
*Transportation Allowance Provided.* 

3000 EGP Transportation Allowance.""",1200,400,300,1 Month
Temp Hold,Elevate ( Solar ),https://forms.gle/bwka94hMtmqMcn1T7,"Fixed
4:00PM to 1:00AM
or
5:00PM to 2:00 AM","* Mon & Friday
* 7 00 PM – 9 :00 PM","Heliopolis

https://maps.app.goo.gl/e6BNLt9b2v2F3Pm38",Grads /Undergrads (no commitment) / Dropouts / Gap Year,Egyptians / Foreigners,39,English B2/C1,14K Net + 3K KPIs,1- SITE interview ( Panel -> Acp/ Rej Site),Solar,"1. Return Transportation
2. EXP Prefered","Company Name: Elevate

🚀 GTX .. We’re Hiring!
✨We are hiring Solar account✨

📌B2-C1 English

📌Salary: 14K net Salary + 3K KPIs
📌Fixed Night Shift - Fixed 2 days off (Saturday-Sunday)

📌Transportation provided (back trips only)

📌Previous experience is preferable 

📌Location: Masr el gdeda, Heliopolis",1000,400,300,2 Weeks
Temp Hold,Elevate ( Collections ),https://forms.gle/bwka94hMtmqMcn1T7,"Fixed
4:00PM to 1:00AM
or
5:00PM to 2:00 AM","* Mon & Friday
* 4 00 PM – 6 :00 PM","Heliopolis

https://maps.app.goo.gl/e6BNLt9b2v2F3Pm38",Grads /Undergrads (no commitment) / Dropouts / Gap Year,Egyptians / Foreigners,39,English B2+/C1,14K Net + 3K KPIs,1- SITE interview ( Panel -> Acp/ Rej Site),Collections,"1. Return Transportation
2. EXP Prefered","Company Name: Elevate

🚀 GTX .. We’re Hiring!
✨🚨 We're Hiring – Collections Team 🚨

💰 Salary: 14,000 EGP Basic + 3,000 EGP KPIs + Probation Bonus
💸 Uncapped Commissions– Top performers earn ""$350+ monthly!""

✨ Benefits:
🚊 Free Return Transportation
🕓 Fixed Shifts (4 PM–1 AM or 5 PM–2 AM)
📅 Weekends Off (Sat & Sun)
📍 Location: Heliopolis (Masr El Gedida)

✅ Requirements
• English Level: B2–C1
• Billing or Cold Calling experience is a plus
",1000,400,300,2 Weeks
Hold,Hang-Up Sol MLA,https://forms.gle/gdiqnE63bxv1KhkJ8,"Fixed
2:45Pm till 12:00Am","Tuesday, Wednesday and Thursday
7:00 PM to 9:00 PM.","Makram City light 10th floor

https://maps.app.goo.gl/W2vwEEToZWZ8ztebA",undergrads /grads\ gap year \ dropouts,Egyptians / Foreigner ,27,English B2+,Explained at interview + unlimited commissions                ,"
1- Online / Site Interview ( Panel -> Acp/ Rej )",Medical Alert,"1. Fast Commission
2. NO EXP
3. Transporation Allowance
4. Female (Egyptian & Foreigners)
5. WFH Opportunity ( based on performance)","Company Name: Hang Up

🚨 GTX .. WE’RE HIRING – TELESALES AGENTS 🚨

Looking for a stable job with HIGH earning potential? 💰
Join our team as a Telesales Agent!

📍 Location: Nasr City
🕒 Shift: 2:45 PM – 12:00 AM
📅 Days Off: Saturday & Sunday
💵 Package Salary:  Up to 20k
🗣 English Level Required: B2+ / C1

✅ All are welcome to apply
✅ Commitment and professionalism are a MUST
🚗 Transportation Allowance for Girls & Boys
🏠 Opportunity to work from home after 1 month based on performance

💻 Requirements for remote work:
•⁠  ⁠PC/Laptop
•⁠  ⁠Stable internet connection
•⁠  ⁠Good quality headset

✨ Great opportunity to grow, learn, and earn based on your performance!",1000,300,200,3 Weeks
